query,is_cs_term,word_count,trend_value,jobs_returned,matched_skills_count,query_score
JobStreet estate developer developer jobs in Philippines,0,7,0,10,0,0
JobStreet software engineer salary developer jobs in Philippines,0,8,0,10,0,0
JobStreet ai detector developer jobs in Philippines,0,7,0,5,0,0
Indeed ai detector developer jobs in Philippines,0,7,0,0,0,0
LinkedIn ai detector developer jobs in Philippines,0,7,0,1,0,0
Glassdoor ai detector developer jobs in Philippines,0,7,0,1,0,0
ai detector developer site:jobstreet.com.ph,0,4,0,0,0,0
ai detector developer site:ph.indeed.com,0,4,0,0,0,0
ai detector developer site:linkedin.com/jobs,0,4,0,0,0,0
ai detector developer site:glassdoor.com,0,4,0,0,0,0
ai detector IT jobs in Philippines,0,6,0,0,0,0
ai detector software engineer Philippines,0,5,0,1,0,0
ai detector backend developer Philippines,0,5,0,1,0,0
ai detector frontend developer Philippines,0,5,0,0,0,0
JobStreet ai developer jobs in Philippines,0,6,0,10,0,0
JobStreet data and analytics developer jobs in Philippines,0,8,0,10,0,0
JobStreet what developer jobs in Philippines,0,6,0,10,0,0
JobStreet what is project developer jobs in Philippines,0,8,0,10,0,0
JobStreet figma developer jobs in Philippines,0,6,0,1,0,0
Indeed figma developer jobs in Philippines,0,6,0,0,0,0
LinkedIn figma developer jobs in Philippines,0,6,0,0,0,0
Glassdoor figma developer jobs in Philippines,0,6,0,0,0,0
figma developer site:jobstreet.com.ph,0,3,0,0,0,0
figma developer site:ph.indeed.com,0,3,0,0,0,0
figma developer site:linkedin.com/jobs,0,3,0,0,0,0
figma developer site:glassdoor.com,0,3,0,0,0,0
figma IT jobs in Philippines,0,5,0,10,0,0
figma software engineer Philippines,0,4,0,2,0,0
figma backend developer Philippines,0,4,0,0,0,0
figma frontend developer Philippines,0,4,0,0,0,0
JobStreet cloud solutions architect developer jobs in Philippines,0,8,0,10,0,0
JobStreet ai machine learning developer jobs in Philippines,0,8,0,10,0,0
JobStreet cloud architect salary developer jobs in Philippines,0,8,0,0,0,0
Indeed cloud architect salary developer jobs in Philippines,0,8,0,2,0,0
LinkedIn cloud architect salary developer jobs in Philippines,0,8,0,2,0,0
Glassdoor cloud architect salary developer jobs in Philippines,0,8,0,0,0,0
cloud architect salary developer site:jobstreet.com.ph,0,5,0,0,0,0
cloud architect salary developer site:ph.indeed.com,0,5,0,0,0,0
cloud architect salary developer site:linkedin.com/jobs,0,5,0,0,0,0
cloud architect salary developer site:glassdoor.com,0,5,0,0,0,0
cloud architect salary IT jobs in Philippines,0,7,0,10,0,0
JobStreet what is web development developer jobs in Philippines,0,9,0,10,0,0
JobStreet what is project management developer jobs in Philippines,0,9,0,10,0,0
JobStreet ai gemini developer jobs in Philippines,0,7,0,0,0,0
Indeed ai gemini developer jobs in Philippines,0,7,0,0,0,0
LinkedIn ai gemini developer jobs in Philippines,0,7,0,0,0,0
Glassdoor ai gemini developer jobs in Philippines,0,7,0,0,0,0
ai gemini developer site:jobstreet.com.ph,0,4,0,0,0,0
ai gemini developer site:ph.indeed.com,0,4,0,0,0,0
ai gemini developer site:linkedin.com/jobs,0,4,0,0,0,0
ai gemini developer site:glassdoor.com,0,4,0,0,0,0
ai gemini IT jobs in Philippines,0,6,0,0,0,0
ai gemini software engineer Philippines,0,5,0,0,0,0
ai gemini backend developer Philippines,0,5,0,0,0,0
ai gemini frontend developer Philippines,0,5,0,0,0,0
JobStreet free ai developer jobs in Philippines,0,7,0,10,0,0
JobStreet greatest estate developer developer jobs in Philippines,0,8,0,10,0,0
JobStreet what is machine learning developer jobs in Philippines,0,9,0,10,0,0
JobStreet ui/ux designer developer jobs in Philippines,0,7,0,10,0,0
JobStreet chatgpt ai developer jobs in Philippines,0,7,0,0,0,0
Indeed chatgpt ai developer jobs in Philippines,0,7,0,0,0,0
LinkedIn chatgpt ai developer jobs in Philippines,0,7,0,0,0,0
Glassdoor chatgpt ai developer jobs in Philippines,0,7,0,0,0,0
chatgpt ai developer site:jobstreet.com.ph,0,4,0,0,0,0
chatgpt ai developer site:ph.indeed.com,0,4,0,0,0,0
chatgpt ai developer site:linkedin.com/jobs,0,4,0,0,0,0
chatgpt ai developer site:glassdoor.com,0,4,0,0,0,0
chatgpt ai IT jobs in Philippines,0,6,0,0,0,0
chatgpt ai software engineer Philippines,0,5,0,0,0,0
chatgpt ai backend developer Philippines,0,5,0,0,0,0
chatgpt ai frontend developer Philippines,0,5,0,0,0,0
JobStreet developer options developer jobs in Philippines,0,7,0,2,0,0
Indeed developer options developer jobs in Philippines,0,7,0,0,0,0
LinkedIn developer options developer jobs in Philippines,0,7,0,0,0,0
Glassdoor developer options developer jobs in Philippines,0,7,0,0,0,0
developer options developer site:jobstreet.com.ph,0,4,0,0,0,0
developer options developer site:ph.indeed.com,0,4,0,0,0,0
developer options developer site:linkedin.com/jobs,0,4,0,0,0,0
developer options developer site:glassdoor.com,0,4,0,0,0,0
developer options IT jobs in Philippines,0,6,0,0,0,0
developer options software engineer Philippines,0,5,0,0,0,0
developer options backend developer Philippines,0,5,0,2,0,0
developer options frontend developer Philippines,0,5,0,0,0,0
